tweet,label
"Trump’s rally tonight was electric! He spoke with confidence and energy.",positive
"I’m fed up with Biden’s economic policies. They're not working.",negative
"Biden’s message on unity felt genuine and hopeful.",positive
"The debate was a disaster for Trump—so unprepared.",negative
"Really impressed by Biden’s calm handling of tough questions.",positive
"Trump’s tweets keep spreading fear and division.",negative
"The new policy plan from Biden is admirable and thoughtful.",positive
"Seeing Trump’s approach makes me worry about the future.",negative
"Biden showed real empathy in that speech.",positive
"Trump’s tone was aggressive and off-putting.",negative
"Biden seems to care about real middle-class issues.",positive
"Trump’s campaign feels chaotic and risky.",negative
"Biden’s healthcare plan sounds promising.",positive
"Trump’s remarks on climate change were alarming.",negative
"Biden’s vision for the country gives me hope.",positive
"Trump’s slogans are now empty slogans without substance.",negative
"I’m optimistic after hearing Biden’s economic proposals.",positive
"Trump’s recent speech was full of exaggerations.",negative
"Biden talking about unity felt honest.",positive
"Trump’s media strategy is manipulative again.",negative
"That was a solid defense of his healthcare stance by Biden.",positive
"Trump’s tone just keeps getting worse.",negative
"Biden’s closing statement was powerful and clear.",positive
"Trump’s campaign leaves me uneasy.",negative
"Strong leadership displayed by Biden in that interview.",positive
"Trump’s reaction was unnecessary and immature.",negative
"Biden has my support—he’s showing real leadership.",positive
"Trump’s divisive rhetoric is concerning.",negative
"Biden keeps delivering strong messages.",positive
"Trump’s miscommunication is getting ridiculous.",negative

